step,loss,loss/distill_future_flow,loss/distill_future_flow_mean,loss/distill_future_force,loss/distill_future_force_mean,loss/hand_synergy,loss/student_action,loss/student_action_arm,loss/student_action_hand,loss/tactile_refiner_delta_reg,loss/teacher_action,loss/teacher_action_arm,loss/teacher_action_hand,loss/total
0,4.79904938,0.0,0.0,1.04018092,1.04018092,0.0,2.62176323,2.38812518,2.58090234,0.0,2.07326794,2.62370658,2.35919261,4.79904938
100,3.47682953,0.0,0.0,0.93318373,0.93318373,0.0,1.77649009,1.92673779,2.07243967,0.0,1.60702109,2.12571168,1.87135911,3.47682953
200,2.25013208,0.0,0.0,0.59954792,0.59954792,0.0,1.10892665,1.26673746,1.28322113,0.0,1.08125079,1.22573256,1.27434886,2.25013208
300,1.57270586,0.0,0.0,0.35967153,0.35967153,0.0,0.77971154,0.961537,0.9826501,0.0,0.75702709,0.92523879,0.9937979,1.57270586
400,1.03478718,0.0,0.0,0.19262436,0.19262436,0.0,0.5207839,0.73210073,0.65496624,0.0,0.4947409,0.67959869,0.63948417,1.03478718
500,0.88131833,0.0,0.0,0.13717811,0.13717811,0.0,0.44934455,0.60057527,0.59862119,0.0,0.41825595,0.55319035,0.56278706,0.88131833
600,0.72343731,0.0,0.0,0.12702055,0.12702055,0.0,0.36102515,0.49488857,0.48613727,0.0,0.34971011,0.47122726,0.47930461,0.72343731
700,0.61721021,0.0,0.0,0.14842254,0.14842254,0.0,0.31325328,0.42322531,0.43500173,0.0,0.28911468,0.40764391,0.39820147,0.61721021
800,0.53593159,0.0,0.0,0.15552822,0.15552822,0.0,0.2742047,0.3937425,0.38223734,0.0,0.24617408,0.36577198,0.33686087,0.53593159
900,0.50652176,0.0,0.0,0.14319821,0.14319821,0.0,0.25785357,0.382833,0.3624649,0.0,0.23434837,0.35631046,0.32317612,0.50652176
1000,0.44292197,0.0,0.0,0.12787697,0.12787697,0.0,0.22473754,0.34133568,0.31271204,0.0,0.20539676,0.326738,0.2726309,0.44292197
1100,0.39093679,0.0,0.0,0.11751851,0.11751851,0.0,0.19634567,0.30659327,0.26253647,0.0,0.18283927,0.28706062,0.24832858,0.39093679
1200,0.33783683,0.0,0.0,0.10663204,0.10663204,0.0,0.17132078,0.28668934,0.22527504,0.0,0.15585288,0.27699259,0.19600691,0.33783683
1300,0.30366141,0.0,0.0,0.10086813,0.10086813,0.0,0.15327364,0.23858953,0.21793686,0.0,0.14030094,0.22454531,0.19561855,0.30366141
1400,0.29269385,0.0,0.0,0.09576782,0.09576782,0.0,0.14672224,0.22957702,0.21144699,0.0,0.13639484,0.21434698,0.19574329,0.29269385
1500,0.25534126,0.0,0.0,0.08817846,0.08817846,0.0,0.12680179,0.21068814,0.17564774,0.0,0.11972164,0.2035453,0.16206504,0.25534126
1600,0.26350445,0.0,0.0,0.08829707,0.08829707,0.0,0.1315295,0.21802177,0.18665524,0.0,0.12314527,0.21003868,0.16839677,0.26350445
1700,0.24491294,0.0,0.0,0.08437002,0.08437002,0.0,0.12320131,0.21570987,0.16758396,0.0,0.11327463,0.20249492,0.14899887,0.24491294
1800,0.21164501,0.0,0.0,0.09276842,0.09276842,0.0,0.10287944,0.18651465,0.13971157,0.0,0.09948871,0.18702136,0.12959124,0.21164501
1900,0.21760845,0.0,0.0,0.0729765,0.0729765,0.0,0.10852284,0.18461978,0.15394923,0.0,0.10178796,0.17247829,0.1434917,0.21760845
2000,0.19220865,0.0,0.0,0.06115888,0.06115888,0.0,0.09771034,0.16648579,0.13953736,0.0,0.08838243,0.16085953,0.11928133,0.19220865
2100,0.196908,0.0,0.0,0.06570605,0.06570605,0.0,0.09821365,0.17159367,0.13793835,0.0,0.09212373,0.16646415,0.12418407,0.196908
2200,0.19905639,0.0,0.0,0.06927391,0.06927391,0.0,0.09944941,0.17025207,0.1395891,0.0,0.09267958,0.16762891,0.12385465,0.19905639
2300,0.20197059,0.0,0.0,0.06543988,0.06543988,0.0,0.10304226,0.16056149,0.15924062,0.0,0.09238435,0.15310308,0.13501357,0.20197059
2400,0.18703766,0.0,0.0,0.06012309,0.06012309,0.0,0.09420189,0.16201729,0.13612445,0.0,0.08682347,0.15127346,0.12260789,0.18703766
2500,0.18133858,0.0,0.0,0.05826006,0.05826006,0.0,0.09023193,0.16282746,0.13008799,0.0,0.08528063,0.15297313,0.12119319,0.18133858
2600,0.18430522,0.0,0.0,0.05272719,0.05272719,0.0,0.09228178,0.15896451,0.13183242,0.0,0.08675073,0.1536389,0.12122284,0.18430522
2700,0.1656549,0.0,0.0,0.05222514,0.05222514,0.0,0.08240919,0.15015945,0.11338655,0.0,0.0780232,0.1434834,0.10649821,0.1656549
2800,0.16237149,0.0,0.0,0.0516809,0.0516809,0.0,0.08082638,0.15181778,0.11104295,0.0,0.07637702,0.145551,0.1031591,0.16237149
2900,0.16007049,0.0,0.0,0.05308162,0.05308162,0.0,0.07958008,0.14572933,0.10960665,0.0,0.07518225,0.14415637,0.10032681,0.16007049
3000,0.15706772,0.0,0.0,0.04994924,0.04994924,0.0,0.07801493,0.13401516,0.115007,0.0,0.07405786,0.13019767,0.10659366,0.15706772
3100,0.14246036,0.0,0.0,0.04914516,0.04914516,0.0,0.07134337,0.12936437,0.10437261,0.0,0.06620248,0.12634729,0.09281456,0.14246036
3200,0.14549026,0.0,0.0,0.04772623,0.04772623,0.0,0.07206504,0.13283907,0.09864391,0.0,0.06865259,0.13139009,0.09012566,0.14549026
3300,0.14398417,0.0,0.0,0.04921029,0.04921029,0.0,0.07092251,0.13246018,0.1020279,0.0,0.06814063,0.12989242,0.09684747,0.14398417
3400,0.14483558,0.0,0.0,0.04739329,0.04739329,0.0,0.07122455,0.13198589,0.10139493,0.0,0.06887171,0.12782766,0.09747715,0.14483558
3500,0.13931257,0.0,0.0,0.05249579,0.05249579,0.0,0.06857862,0.13132289,0.09405778,0.0,0.06548438,0.12300287,0.0903077,0.13931257
3600,0.13224334,0.0,0.0,0.0492244,0.0492244,0.0,0.06541744,0.12778476,0.0899925,0.0,0.06190346,0.12285257,0.08362406,0.13224334
3700,0.13418309,0.0,0.0,0.04525934,0.04525934,0.0,0.06661947,0.12680064,0.09153019,0.0,0.06303769,0.12388108,0.08456667,0.13418309
3800,0.13035427,0.0,0.0,0.04592775,0.04592775,0.0,0.06351782,0.12372507,0.08535822,0.0,0.06224369,0.11953808,0.08433735,0.13035427
3900,0.12112701,0.0,0.0,0.04653786,0.04653786,0.0,0.06034436,0.11406454,0.08409706,0.0,0.05612885,0.11098056,0.07531345,0.12112701
4000,0.12407895,0.0,0.0,0.04454728,0.04454728,0.0,0.0620014,0.12123316,0.08509266,0.0,0.05762282,0.11413231,0.07777371,0.12407895
4100,0.12742843,0.0,0.0,0.04462136,0.04462136,0.0,0.0644509,0.11602446,0.09574284,0.0,0.0585154,0.10881078,0.08435941,0.12742843
4200,0.12104444,0.0,0.0,0.04441097,0.04441097,0.0,0.05975358,0.11855314,0.08045194,0.0,0.05684976,0.11253786,0.07542966,0.12104444
4300,0.11831553,0.0,0.0,0.04376153,0.04376153,0.0,0.05877809,0.11177649,0.08171236,0.0,0.05516127,0.10968687,0.07339581,0.11831553
4400,0.12620547,0.0,0.0,0.04649103,0.04649103,0.0,0.06451864,0.11602172,0.0919202,0.0,0.05703773,0.11113891,0.07542752,0.12620547
4500,0.11089145,0.0,0.0,0.04217036,0.04217036,0.0,0.05445721,0.1082105,0.07291597,0.0,0.0522172,0.10479832,0.06858691,0.11089145
4600,0.10664245,0.0,0.0,0.0427607,0.0427607,0.0,0.05291089,0.10489744,0.07195179,0.0,0.0494555,0.09977593,0.0663105,0.10664245
4700,0.11044306,0.0,0.0,0.0423274,0.0423274,0.0,0.05540087,0.10460202,0.07675668,0.0,0.05080945,0.09975777,0.0675217,0.11044306
4800,0.10740909,0.0,0.0,0.04586368,0.04586368,0.0,0.05408195,0.10346416,0.07735682,0.0,0.04874078,0.09801968,0.0663174,0.10740909
4900,0.11295561,0.0,0.0,0.04060362,0.04060362,0.0,0.05591948,0.10748465,0.07796698,0.0,0.05297576,0.10595594,0.07101149,0.11295561
5000,0.10321765,0.0,0.0,0.04114221,0.04114221,0.0,0.05068359,0.10272488,0.06740779,0.0,0.04841984,0.09973197,0.06348991,0.10321765
5100,0.09898003,0.0,0.0,0.03925646,0.03925646,0.0,0.04880364,0.0988239,0.06658877,0.0,0.04625074,0.09572905,0.0618366,0.09898003
5200,0.10793547,0.0,0.0,0.04145415,0.04145415,0.0,0.05397069,0.10070703,0.07421372,0.0,0.04981937,0.0989158,0.06410346,0.10793547
5300,0.10244908,0.0,0.0,0.0426811,0.0426811,0.0,0.05083052,0.09694154,0.06923115,0.0,0.04735045,0.09491319,0.06194431,0.10244908
5400,0.10376328,0.0,0.0,0.04860203,0.04860203,0.0,0.05115617,0.09566286,0.07097605,0.0,0.0477469,0.09253319,0.06455833,0.10376328
5500,0.1074633,0.0,0.0,0.04345152,0.04345152,0.0,0.05363758,0.10290962,0.07429498,0.0,0.04948056,0.09785537,0.06658701,0.1074633
5600,0.1010416,0.0,0.0,0.04133166,0.04133166,0.0,0.05033692,0.09577175,0.06928654,0.0,0.04657151,0.09227526,0.06153148,0.1010416
5700,0.0946909,0.0,0.0,0.04036179,0.04036179,0.0,0.0469603,0.09105536,0.06513061,0.0,0.04369441,0.08784164,0.05905881,0.0946909
5800,0.09725387,0.0,0.0,0.04171958,0.04171958,0.0,0.04790267,0.09386522,0.06403491,0.0,0.04517924,0.09050959,0.05903546,0.09725387
5900,0.09302848,0.0,0.0,0.04054153,0.04054153,0.0,0.04615202,0.08922268,0.06522219,0.0,0.0428223,0.08479141,0.05858505,0.09302848
6000,0.09077953,0.0,0.0,0.04065619,0.04065619,0.0,0.04511206,0.0856352,0.06359681,0.0,0.04160186,0.08343889,0.0565432,0.09077953
6100,0.0896159,0.0,0.0,0.03915598,0.03915598,0.0,0.04437225,0.08889489,0.05946707,0.0,0.04132805,0.08472504,0.05414971,0.0896159
6200,0.09646111,0.0,0.0,0.0398622,0.0398622,0.0,0.0485877,0.09284656,0.06785605,0.0,0.04388719,0.08943069,0.05690479,0.09646111
6300,0.09008074,0.0,0.0,0.04239373,0.04239373,0.0,0.04486788,0.08454944,0.06501904,0.0,0.04097348,0.08100919,0.05661945,0.09008074
6400,0.08874819,0.0,0.0,0.04602739,0.04602739,0.0,0.04341239,0.08648056,0.05779536,0.0,0.04073307,0.08237307,0.05367456,0.08874819
6500,0.0870217,0.0,0.0,0.04076909,0.04076909,0.0,0.0429751,0.08746544,0.05867686,0.0,0.03996969,0.08444542,0.05248731,0.0870217
6600,0.0795107,0.0,0.0,0.03696107,0.03696107,0.0,0.03985819,0.07971489,0.05605937,0.0,0.0359564,0.07601179,0.04798749,0.0795107
6700,0.07314631,0.0,0.0,0.03694528,0.03694528,0.0,0.03579123,0.07603878,0.04838612,0.0,0.03366055,0.07255515,0.04428594,0.07314631
6800,0.08382886,0.0,0.0,0.03535416,0.03535416,0.0,0.04174429,0.0799341,0.05841631,0.0,0.03854915,0.07643829,0.05234833,0.08382886
6900,0.0781043,0.0,0.0,0.03247166,0.03247166,0.0,0.03897252,0.07689498,0.05355189,0.0,0.03588461,0.07479321,0.04640241,0.0781043
7000,0.08371837,0.0,0.0,0.03468254,0.03468254,0.0,0.04164509,0.08082298,0.05537513,0.0,0.03860502,0.07799488,0.0491279,0.08371837
7100,0.08347826,0.0,0.0,0.03498553,0.03498553,0.0,0.04186231,0.07724734,0.05892809,0.0,0.0381174,0.0732751,0.05106131,0.08347826
7200,0.07991634,0.0,0.0,0.03494413,0.03494413,0.0,0.03967657,0.07735628,0.05541666,0.0,0.03674535,0.0753587,0.04829739,0.07991634
7300,0.0721254,0.0,0.0,0.03403616,0.03403616,0.0,0.03553605,0.07238179,0.04894596,0.0,0.03318573,0.07041275,0.04381701,0.0721254
7400,0.07309312,0.0,0.0,0.03298736,0.03298736,0.0,0.03613269,0.07344918,0.04911318,0.0,0.0336617,0.07100371,0.04383551,0.07309312
7500,0.08055074,0.0,0.0,0.03358276,0.03358276,0.0,0.03977847,0.07632034,0.05239033,0.0,0.03741399,0.07389086,0.04838269,0.08055074
7600,0.07474171,0.0,0.0,0.03389516,0.03389516,0.0,0.03670577,0.07533714,0.04848164,0.0,0.03464643,0.07210674,0.04480634,0.07474171
7700,0.07311634,0.0,0.0,0.03070737,0.03070737,0.0,0.03563193,0.07151794,0.04729135,0.0,0.03441367,0.06826116,0.04594159,0.07311634
7800,0.0755251,0.0,0.0,0.033467,0.033467,0.0,0.03803212,0.07428506,0.05264107,0.0,0.03414628,0.07160947,0.04407735,0.0755251
7900,0.07307363,0.0,0.0,0.03125584,0.03125584,0.0,0.03679389,0.07118846,0.05220526,0.0,0.03315416,0.06881142,0.04355571,0.07307363
8000,0.07094546,0.0,0.0,0.03248301,0.03248301,0.0,0.03567148,0.06631109,0.05195911,0.0,0.03202568,0.06401545,0.04374041,0.07094546
8100,0.07111106,0.0,0.0,0.03110874,0.03110874,0.0,0.03541661,0.06901354,0.04872422,0.0,0.03258357,0.06542201,0.0435055,0.07111106
8200,0.06748181,0.0,0.0,0.03101671,0.03101671,0.0,0.03382243,0.06557272,0.04783151,0.0,0.03055771,0.06260245,0.04098984,0.06748181
8300,0.06683838,0.0,0.0,0.02998025,0.02998025,0.0,0.03279213,0.06893452,0.04253305,0.0,0.03104823,0.06678565,0.03962081,0.06683838
8400,0.06340957,0.0,0.0,0.02992713,0.02992713,0.0,0.03156435,0.06567097,0.04234163,0.0,0.02885251,0.06266315,0.03680964,0.06340957
8500,0.06541421,0.0,0.0,0.03085413,0.03085413,0.0,0.03217179,0.06550691,0.04219637,0.0,0.03015701,0.06242459,0.03908744,0.06541421
8600,0.07483821,0.0,0.0,0.03140244,0.03140244,0.0,0.03768421,0.06766065,0.05588302,0.0,0.03401377,0.06557606,0.04740849,0.07483821
8700,0.06877071,0.0,0.0,0.03214,0.03214,0.0,0.03416277,0.06649496,0.04748761,0.0,0.03139394,0.06330892,0.04199268,0.06877071
8800,0.0632833,0.0,0.0,0.03028432,0.03028432,0.0,0.03166621,0.06221966,0.04396117,0.0,0.02858866,0.05949275,0.03739641,0.0632833
8900,0.06619226,0.0,0.0,0.0302448,0.0302448,0.0,0.03337367,0.06003019,0.04830455,0.0,0.02979411,0.05909317,0.03984489,0.06619226
9000,0.06441046,0.0,0.0,0.02711413,0.02711413,0.0,0.03194868,0.06199311,0.04327371,0.0,0.02975037,0.05937024,0.03903708,0.06441046
9100,0.05824445,0.0,0.0,0.02628882,0.02628882,0.0,0.0288202,0.05907083,0.03804437,0.0,0.02679536,0.05696303,0.03398059,0.05824445
9200,0.05860264,0.0,0.0,0.02788862,0.02788862,0.0,0.02930166,0.05844374,0.04085771,0.0,0.02651211,0.05584508,0.03471506,0.05860264
9300,0.06154221,0.0,0.0,0.02804626,0.02804626,0.0,0.0302691,0.05955197,0.04114075,0.0,0.02846848,0.05715154,0.03761751,0.06154221
9400,0.05763351,0.0,0.0,0.02634559,0.02634559,0.0,0.02883301,0.05437273,0.03893411,0.0,0.02616595,0.05168169,0.03373439,0.05763351
9500,0.05427934,0.0,0.0,0.02508234,0.02508234,0.0,0.02673797,0.05439754,0.03478984,0.0,0.02503313,0.05409108,0.03042942,0.05427934
9600,0.0592664,0.0,0.0,0.02593977,0.02593977,0.0,0.02942645,0.05959085,0.03898235,0.0,0.02724597,0.05687431,0.0342996,0.0592664
9700,0.06179593,0.0,0.0,0.02696302,0.02696302,0.0,0.03099784,0.05934279,0.04335223,0.0,0.02810179,0.0583114,0.03617263,0.06179593
9800,0.066404,0.0,0.0,0.02701051,0.02701051,0.0,0.03274985,0.06061347,0.04713795,0.0,0.0309531,0.05894317,0.04343899,0.066404
9900,0.05475724,0.0,0.0,0.02669221,0.02669221,0.0,0.02720424,0.05683744,0.03577276,0.0,0.02488379,0.05405824,0.03116792,0.05475724
10000,0.06061093,0.0,0.0,0.02986237,0.02986237,0.0,0.02997849,0.05785273,0.04172291,0.0,0.0276462,0.05758784,0.03598998,0.06061093
10100,0.05812529,0.0,0.0,0.0257179,0.0257179,0.0,0.0288771,0.0565046,0.03909963,0.0,0.0266764,0.05532182,0.03436496,0.05812529
10200,0.05835396,0.0,0.0,0.02592499,0.02592499,0.0,0.02937855,0.05422746,0.04185025,0.0,0.02638291,0.05243229,0.035033,0.05835396
10300,0.06160447,0.0,0.0,0.02771358,0.02771358,0.0,0.03133491,0.05762669,0.04619915,0.0,0.0274982,0.05415589,0.03776676,0.06160447
10400,0.05452046,0.0,0.0,0.02633898,0.02633898,0.0,0.02715194,0.05129162,0.03764247,0.0,0.02473462,0.04860832,0.03277495,0.05452046
10500,0.0566108,0.0,0.0,0.02806585,0.02806585,0.0,0.02821507,0.05314776,0.04002235,0.0,0.02558915,0.05030966,0.03429165,0.0566108
10600,0.05273489,0.0,0.0,0.02571847,0.02571847,0.0,0.02634954,0.05141468,0.03659877,0.0,0.0238135,0.04873256,0.03090853,0.05273489
10700,0.05585062,0.0,0.0,0.02430386,0.02430386,0.0,0.02796504,0.05374904,0.03806559,0.0,0.02545519,0.0515849,0.0331152,0.05585062
10800,0.05222306,0.0,0.0,0.02411893,0.02411893,0.0,0.02592501,0.05148067,0.03465134,0.0,0.02388615,0.05059399,0.03014368,0.05222306
10900,0.05344674,0.0,0.0,0.02389788,0.02389788,0.0,0.02638631,0.05170584,0.03560881,0.0,0.02467064,0.04967599,0.03220563,0.05344674
11000,0.04967095,0.0,0.0,0.02333983,0.02333983,0.0,0.02464299,0.05256569,0.03195926,0.0,0.02269398,0.04962359,0.02867697,0.04967095
11100,0.04655925,0.0,0.0,0.0225147,0.0225147,0.0,0.0229674,0.04751083,0.0296065,0.0,0.02134038,0.04624443,0.02648437,0.04655925
11200,0.04983377,0.0,0.0,0.02350024,0.02350024,0.0,0.02473237,0.05022283,0.03259395,0.0,0.02275137,0.04754782,0.02870366,0.04983377
11300,0.04805103,0.0,0.0,0.02262443,0.02262443,0.0,0.02412188,0.0482903,0.03296635,0.0,0.02166671,0.04617051,0.02760101,0.04805103
11400,0.0537435,0.0,0.0,0.02119071,0.02119071,0.0,0.02726068,0.04868573,0.03764122,0.0,0.02436375,0.04681725,0.03262658,0.0537435
11500,0.05253607,0.0,0.0,0.02071433,0.02071433,0.0,0.02600068,0.04674247,0.03901617,0.0,0.02446395,0.044856,0.03600713,0.05253607
11600,0.04968439,0.0,0.0,0.02035811,0.02035811,0.0,0.02467003,0.04781464,0.0342448,0.0,0.02297854,0.04688336,0.03052098,0.04968439
11700,0.05043661,0.0,0.0,0.02116312,0.02116312,0.0,0.02554522,0.04854533,0.03504923,0.0,0.02277508,0.04633412,0.0291592,0.05043661
11800,0.04524682,0.0,0.0,0.02114706,0.02114706,0.0,0.02261519,0.04562539,0.03070569,0.0,0.02051692,0.04445366,0.02585376,0.04524682
11900,0.04850719,0.0,0.0,0.0211524,0.0211524,0.0,0.02448424,0.04561191,0.03547461,0.0,0.02190771,0.04490061,0.02925343,0.04850719
12000,0.04638196,0.0,0.0,0.02059321,0.02059321,0.0,0.02322776,0.0467337,0.03077696,0.0,0.02109488,0.04488581,0.02592568,0.04638196
12100,0.04383982,0.0,0.0,0.02096918,0.02096918,0.0,0.02176577,0.0446648,0.02861323,0.0,0.01997713,0.04327861,0.02477921,0.04383982
12200,0.04858702,0.0,0.0,0.02012799,0.02012799,0.0,0.02433738,0.04685773,0.03476597,0.0,0.02223684,0.0459777,0.02962012,0.04858702
12300,0.04412691,0.0,0.0,0.02062054,0.02062054,0.0,0.0216983,0.04343481,0.02881076,0.0,0.02036656,0.0417889,0.02655511,0.04412691
12400,0.04747764,0.0,0.0,0.01972343,0.01972343,0.0,0.02350628,0.04678788,0.03128857,0.0,0.02199901,0.04475243,0.0283168,0.04747764
12500,0.0416983,0.0,0.0,0.01869653,0.01869653,0.0,0.02066338,0.04263752,0.02781254,0.0,0.01916527,0.04084602,0.02487616,0.0416983
12600,0.04033404,0.0,0.0,0.01876563,0.01876563,0.0,0.01984388,0.04042825,0.02642719,0.0,0.0186136,0.03930352,0.02358278,0.04033404
12700,0.04456631,0.0,0.0,0.01960739,0.01960739,0.0,0.02200743,0.04413833,0.0294021,0.0,0.02059813,0.04322823,0.02619675,0.04456631
12800,0.04540943,0.0,0.0,0.01953339,0.01953339,0.0,0.02269027,0.04540697,0.03020487,0.0,0.02076582,0.04346464,0.02627102,0.04540943
12900,0.04181752,0.0,0.0,0.01991105,0.01991105,0.0,0.02056184,0.04226626,0.02765864,0.0,0.01926457,0.04093489,0.0250503,0.04181752
13000,0.04404176,0.0,0.0,0.01987174,0.01987174,0.0,0.02177043,0.04302273,0.02868395,0.0,0.02028415,0.0413135,0.02606467,0.04404176
13100,0.04178677,0.0,0.0,0.02168033,0.02168033,0.0,0.02066895,0.04149118,0.0285285,0.0,0.01894979,0.04029649,0.0247258,0.04178677
13200,0.03676317,0.0,0.0,0.0185571,0.0185571,0.0,0.01824672,0.03792158,0.02387507,0.0,0.01666073,0.03649975,0.02069171,0.03676317
13300,0.041727,0.0,0.0,0.01917531,0.01917531,0.0,0.02135555,0.04142718,0.03022899,0.0,0.01845391,0.04089801,0.02313891,0.041727
13400,0.03660561,0.0,0.0,0.01928521,0.01928521,0.0,0.0179739,0.03800011,0.02347235,0.0,0.01670319,0.03696883,0.02088421,0.03660561
13500,0.04085766,0.0,0.0,0.01875304,0.01875304,0.0,0.02021077,0.04170236,0.02713573,0.0,0.01877159,0.04030616,0.0245696,0.04085766
13600,0.04189401,0.0,0.0,0.01928943,0.01928943,0.0,0.02089437,0.0415729,0.02757653,0.0,0.01907069,0.04004453,0.02441552,0.04189401
13700,0.03746849,0.0,0.0,0.01807232,0.01807232,0.0,0.01857373,0.03799031,0.02464596,0.0,0.01708754,0.03616939,0.02167219,0.03746849
13800,0.04263983,0.0,0.0,0.01918701,0.01918701,0.0,0.02128844,0.04082399,0.02859752,0.0,0.01943269,0.03949702,0.02477559,0.04263983
13900,0.04051619,0.0,0.0,0.01803617,0.01803617,0.0,0.0203059,0.03816908,0.02793837,0.0,0.01840667,0.03655036,0.02392243,0.04051619
14000,0.03866371,0.0,0.0,0.01900673,0.01900673,0.0,0.01933991,0.03874189,0.02635721,0.0,0.01742313,0.03705486,0.02214068,0.03866371
14100,0.03969748,0.0,0.0,0.01805751,0.01805751,0.0,0.01974575,0.03769137,0.0267465,0.0,0.01814598,0.03672849,0.02322636,0.03969748
14200,0.03581011,0.0,0.0,0.01731357,0.01731357,0.0,0.01787422,0.03642526,0.02397669,0.0,0.01620452,0.03502429,0.02035272,0.03581011
14300,0.04219401,0.0,0.0,0.01828419,0.01828419,0.0,0.02151861,0.03932371,0.02994569,0.0,0.01884698,0.03775327,0.02422477,0.04219401
14400,0.03830285,0.0,0.0,0.01673252,0.01673252,0.0,0.01903489,0.03606825,0.02560624,0.0,0.01759472,0.03555213,0.02251746,0.03830285
14500,0.03563327,0.0,0.0,0.0160838,0.0160838,0.0,0.01771156,0.03776738,0.02216103,0.0,0.01631333,0.03647725,0.01941403,0.03563327
14600,0.03861962,0.0,0.0,0.01628471,0.01628471,0.0,0.01936248,0.03948611,0.02587824,0.0,0.01762866,0.03797781,0.022215,0.03861962
14700,0.03747701,0.0,0.0,0.01736148,0.01736148,0.0,0.0189134,0.03611178,0.02664439,0.0,0.01682747,0.03456344,0.02209522,0.03747701
14800,0.03589491,0.0,0.0,0.01737607,0.01737607,0.0,0.01800816,0.03598778,0.02462072,0.0,0.01614914,0.03475077,0.0203805,0.03589491
14900,0.03812478,0.0,0.0,0.01624436,0.01624436,0.0,0.01903241,0.03832707,0.02509606,0.0,0.01746794,0.03706217,0.02175624,0.03812478
15000,0.03728952,0.0,0.0,0.01622523,0.01622523,0.0,0.01916155,0.03623093,0.02615907,0.0,0.01650544,0.03493658,0.02041913,0.03728952
15100,0.0343735,0.0,0.0,0.01635511,0.01635511,0.0,0.01700233,0.03535369,0.02148857,0.0,0.01573566,0.03382511,0.01908971,0.0343735
15200,0.03440374,0.0,0.0,0.01633888,0.01633888,0.0,0.01733331,0.0361815,0.0225591,0.0,0.01543654,0.03428943,0.01890027,0.03440374
15300,0.03663136,0.0,0.0,0.01660658,0.01660658,0.0,0.01828218,0.03759588,0.02455647,0.0,0.01668852,0.0364661,0.02094595,0.03663136
15400,0.0341149,0.0,0.0,0.01492074,0.01492074,0.0,0.0168799,0.03435641,0.02171367,0.0,0.01574293,0.03308841,0.01935702,0.0341149
15500,0.03246173,0.0,0.0,0.01528935,0.01528935,0.0,0.01610819,0.03225931,0.02140772,0.0,0.0148246,0.03162199,0.01885203,0.03246173
15600,0.0379582,0.0,0.0,0.01572851,0.01572851,0.0,0.01900921,0.03616992,0.02541762,0.0,0.01737614,0.03497382,0.0222276,0.0379582
15700,0.03542124,0.0,0.0,0.01605258,0.01605258,0.0,0.01747175,0.03449445,0.02265099,0.0,0.01634422,0.03366004,0.02058475,0.03542124
15800,0.03292882,0.0,0.0,0.01520278,0.01520278,0.0,0.01636933,0.0326257,0.02159814,0.0,0.01503921,0.0308824,0.01916164,0.03292882
15900,0.03277288,0.0,0.0,0.01486113,0.01486113,0.0,0.01664609,0.03309485,0.02317007,0.0,0.01464068,0.03214137,0.01833996,0.03277288
16000,0.03072958,0.0,0.0,0.01423496,0.01423496,0.0,0.01542395,0.03124688,0.02035503,0.0,0.01388214,0.02978704,0.0170011,0.03072958
16100,0.02977795,0.0,0.0,0.01443286,0.01443286,0.0,0.01464512,0.03068697,0.01929219,0.0,0.01368955,0.02946847,0.01730653,0.02977795
16200,0.03298057,0.0,0.0,0.01486672,0.01486672,0.0,0.01640425,0.03247157,0.02210582,0.0,0.01508964,0.03136908,0.01909548,0.03298057
16300,0.03318831,0.0,0.0,0.01505507,0.01505507,0.0,0.01662995,0.0310642,0.0236511,0.0,0.01505285,0.02974004,0.02003498,0.03318831
16400,0.03339681,0.0,0.0,0.01388002,0.01388002,0.0,0.01646846,0.03219203,0.02180143,0.0,0.01554035,0.03134825,0.01993979,0.03339681
16500,0.03077884,0.0,0.0,0.01461197,0.01461197,0.0,0.01534779,0.0304515,0.02046522,0.0,0.01396986,0.02914318,0.0176342,0.03077884
16600,0.03054264,0.0,0.0,0.01381898,0.01381898,0.0,0.01515758,0.03090604,0.01966343,0.0,0.01400317,0.02970596,0.01751453,0.03054264
16700,0.02870612,0.0,0.0,0.01437702,0.01437702,0.0,0.01425737,0.02944246,0.01882384,0.0,0.01301105,0.02805261,0.01648164,0.02870612
16800,0.03120256,0.0,0.0,0.01480359,0.01480359,0.0,0.01553573,0.03161497,0.02084449,0.0,0.01418647,0.03001409,0.01815093,0.03120256
16900,0.03226316,0.0,0.0,0.01370848,0.01370848,0.0,0.01601424,0.03097571,0.02109191,0.0,0.01487808,0.02964419,0.01886404,0.03226316
17000,0.02979127,0.0,0.0,0.01338915,0.01338915,0.0,0.01461114,0.03109155,0.01844707,0.0,0.01384122,0.03049539,0.01679587,0.02979127
17100,0.02966988,0.0,0.0,0.01335541,0.01335541,0.0,0.01476832,0.03110998,0.01928152,0.0,0.01356602,0.02962844,0.01694094,0.02966988
17200,0.02729181,0.0,0.0,0.0132925,0.0132925,0.0,0.01338335,0.02706004,0.01749108,0.0,0.01257921,0.0262469,0.01570858,0.02729181
17300,0.03026435,0.0,0.0,0.0132463,0.0132463,0.0,0.01502796,0.03083684,0.01937768,0.0,0.01391176,0.02932637,0.01730362,0.03026435
17400,0.03013194,0.0,0.0,0.01380596,0.01380596,0.0,0.01495054,0.03076353,0.01927297,0.0,0.01380081,0.02981451,0.01681885,0.03013194
17500,0.02833918,0.0,0.0,0.01357554,0.01357554,0.0,0.0141756,0.02837121,0.01905236,0.0,0.01280602,0.02749294,0.01600373,0.02833918
17600,0.02707522,0.0,0.0,0.01377097,0.01377097,0.0,0.01335424,0.02731548,0.01731208,0.0,0.01234388,0.02635486,0.01539999,0.02707522
17700,0.0275492,0.0,0.0,0.0135305,0.0135305,0.0,0.01352059,0.02693621,0.01782541,0.0,0.01267557,0.02642625,0.01606169,0.0275492
17800,0.0261414,0.0,0.0,0.01322957,0.01322957,0.0,0.01277251,0.02638031,0.01644655,0.0,0.01204593,0.02555038,0.01509198,0.0261414
17900,0.02991537,0.0,0.0,0.0135062,0.0135062,0.0,0.01486747,0.02931102,0.01979372,0.0,0.01369728,0.02802832,0.01749936,0.02991537
18000,0.02750565,0.0,0.0,0.01326601,0.01326601,0.0,0.01368366,0.02669894,0.01843513,0.0,0.01249539,0.02532402,0.0161054,0.02750565
18100,0.02556563,0.0,0.0,0.01188407,0.01188407,0.0,0.01269138,0.02624263,0.0167799,0.0,0.01168585,0.02533921,0.01464496,0.02556563
18200,0.02706525,0.0,0.0,0.01253583,0.01253583,0.0,0.01323369,0.02705309,0.01711986,0.0,0.01257797,0.02696159,0.01552355,0.02706525
18300,0.02811378,0.0,0.0,0.01179942,0.01179942,0.0,0.01395625,0.0274154,0.01814257,0.0,0.01297759,0.02641676,0.01632717,0.02811378
18400,0.02719605,0.0,0.0,0.01241905,0.01241905,0.0,0.01346845,0.02712043,0.01784816,0.0,0.0124857,0.02582026,0.01597644,0.02719605
18500,0.03161613,0.0,0.0,0.01249246,0.01249246,0.0,0.01569128,0.03017974,0.02003738,0.0,0.01467561,0.02879834,0.0183483,0.03161613
18600,0.02392421,0.0,0.0,0.01181481,0.01181481,0.0,0.01177921,0.02361509,0.01563925,0.0,0.01096351,0.02272251,0.01391106,0.02392421
18700,0.02757233,0.0,0.0,0.01267216,0.01267216,0.0,0.01367558,0.0262764,0.01848143,0.0,0.01262953,0.02524748,0.01676167,0.02757233
18800,0.02336132,0.0,0.0,0.01219493,0.01219493,0.0,0.01148294,0.0232787,0.0152396,0.0,0.01065888,0.02268614,0.01346029,0.02336132
18900,0.02398293,0.0,0.0,0.01215887,0.01215887,0.0,0.01192282,0.02455912,0.01591489,0.0,0.01084423,0.0234201,0.013752,0.02398293
19000,0.02574512,0.0,0.0,0.01263729,0.01263729,0.0,0.01277704,0.02541334,0.01713609,0.0,0.01170435,0.02472394,0.01473474,0.02574512
19100,0.02515846,0.0,0.0,0.01202081,0.01202081,0.0,0.01250672,0.02580955,0.01567235,0.0,0.01144965,0.02439258,0.01380485,0.02515846
19200,0.02371851,0.0,0.0,0.01252561,0.01252561,0.0,0.01184547,0.02390753,0.0160573,0.0,0.01062047,0.02304609,0.01317662,0.02371851
19300,0.02506237,0.0,0.0,0.01192119,0.01192119,0.0,0.0122224,0.02532026,0.0158267,0.0,0.01164784,0.02446849,0.01481137,0.02506237
19400,0.02244655,0.0,0.0,0.01224838,0.01224838,0.0,0.01107172,0.02268568,0.01465604,0.0,0.01014999,0.02205385,0.01255538,0.02244655
19500,0.02297171,0.0,0.0,0.01175709,0.01175709,0.0,0.0113599,0.02328312,0.01483643,0.0,0.0104361,0.0226072,0.01286027,0.02297171
19600,0.02585404,0.0,0.0,0.01177499,0.01177499,0.0,0.0128006,0.0258362,0.01694514,0.0,0.01187594,0.025116,0.01494501,0.02585404
19700,0.02491367,0.0,0.0,0.01188947,0.01188947,0.0,0.01223845,0.02448576,0.01586891,0.0,0.01148627,0.02393904,0.01423336,0.02491367
19800,0.02211613,0.0,0.0,0.01165951,0.01165951,0.0,0.01085889,0.02290792,0.01401913,0.0,0.01009128,0.02190564,0.01256489,0.02211613
19900,0.02503751,0.0,0.0,0.01215261,0.01215261,0.0,0.01252863,0.02438791,0.01680784,0.0,0.01129362,0.02317416,0.01437048,0.02503751
